"Data Source","World Development Indicators",

"Last Updated Date","2024-03-28",

"Country Name","Country Code","Indicator Name","Indicator Code","1960","1961","1962","1963","1964","1965","1966","1967","1968","1969","1970","1971","1972","1973","1974","1975","1976","1977","1978","1979","1980","1981","1982","1983","1984","1985","1986","1987","1988","1989","1990","1991","1992","1993","1994","1995","1996","1997","1998","1999","2000","2001","2002","2003","2004","2005","2006","2007","2008","2009","2010","2011","2012","2013","2014","2015","2016","2017","2018","2019","2020","2021","2022","2023",
"Aruba","ABW","Children with fever receiving antimalarial drugs (% of children under age 5 with fever)","SH.MLR.TRET.ZS","","","","","","","","","","","","","","","","","","","","","","","","","","","","","","","","","","","","","","","","","","","","","","","","","","","","","","","","","","","","","","","","",
"Africa Eastern and Southern","AFE","Children with fever receiving antimalarial drugs (% of children under age 5 with fever)","SH.MLR.TRET.ZS","","","","","","","","","","","","","","","","","","","","","","","","","","","","","","","","","","","","","","","","","35.4496516881074","","","","","","","","","","32.7036869328202","","","","","","","","","24.1323964472026","","","","",
"Afghanistan","AFG","Children with fever receiving antimalarial drugs (% of children under age 5 with fever)","SH.MLR.TRET.ZS","","","","","","","","","","","","","","","","","","","","","","","","","","","","","","","","","","","","","","","","","","","","","","","","","","","","","","","","11.8","","","","","","","","",
"Africa Western and Central","AFW","Children with fever receiving antimalarial drugs (% of children under age 5 with fever)","SH.MLR.TRET.ZS","","","","","","","","","","","","","","","","","","","","","","","","","","","","","","","","","","","","","","","","","","","","","","","","","","","39.7160440686285","","","","","","","","","38.3174664308289","","","","",
"Angola","AGO","Children with fever receiving antimalarial drugs (% of children under age 5 with fever)","SH.MLR.TRET.ZS","","","","","","","","","","","","","","","","","","","","","","","","","","","","","","","","","","","","","","","","","","63","","","","","","29.8","","","","28.3","","","","","18.1","","","","","","","",
"Albania","ALB","Children with fever receiving antimalarial drugs (% of children under age 5 with fever)","SH.MLR.TRET.ZS","","","","","","","","","","","","","","","","","","","","","","","","","","","","","","","","","","","","","","","","","","","","","","","","","","","","","","","","","","","","","","","","",
"Andorra","AND","Children with fever receiving antimalarial drugs (% of children under age 5 with fever)","SH.MLR.TRET.ZS","","","","","","","","","","","","","","","","","","","","","","","","","","","","","","","","","","","","","","","","","","","","","","","","","","","","","","","","","","","","","","","","",
"Arab World","ARB","Children with fever receiving antimalarial drugs (% of children under age 5 with fever)","SH.MLR.TRET.ZS","","","","","","","","","","","","","","","","","","","","","","","","","","","","","","","","","","","","","","","","","","","","","","","","","","","","","","","","","","","","","","","","",
"United Arab Emirates","ARE","Children with fever receiving antimalarial drugs (% of children under age 5 with fever)","SH.MLR.TRET.ZS","","","","","","","","","","","","","","","","","","","","","","","","","","","","","","","","","","","","","","","","","","","","","","","","","","","","","","","","","","","","","","","","",
"Argentina","ARG","Children with fever receiving antimalarial drugs (% of children under age 5 with fever)","SH.MLR.TRET.ZS","","","","","","","","","","","","","","","","","","","","","","","","","","","","","","","","","","","","","","","","","","","","","","","","","","","","","","","","","","","","","","","","",
"Armenia","ARM","Children with fever receiving antimalarial drugs (% of children under age 5 with fever)","SH.MLR.TRET.ZS","","","","","","","","","","","","","","","","","","","","","","","","","","","","","","","","","","","","","","","","","","","","","","","","","","","","","","","","","9.3","","","","","","","",
"American Samoa","ASM","Children with fever receiving antimalarial drugs (% of children under age 5 with fever)","SH.MLR.TRET.ZS","","","","","","","","","","","","","","","","","","","","","","","","","","","","","","","","","","","","","","","","","","","","","","","","","","","","","","","","","","","","","","","","",
"Antigua and Barbuda","ATG","Children with fever receiving antimalarial drugs (% of children under age 5 with fever)","SH.MLR.TRET.ZS","","","","","","","","","","","","","","","","","","","","","","","","","","","","","","","","","","","","","","","","","","","","","","","","","","","","","","","","","","","","","","","","",
"Australia","AUS","Children with fever receiving antimalarial drugs (% of children under age 5 with fever)","SH.MLR.TRET.ZS","","","","","","","","","","","","","","","","","","","","","","","","","","","","","","","","","","","","","","","","","","","","","","","","","","","","","","","","","","","","","","","","",
"Austria","AUT","Children with fever receiving antimalarial drugs (% of children under age 5 with fever)","SH.MLR.TRET.ZS","","","","","","","","","","","","","","","","","","","","","","","","","","","","","","","","","","","","","","","","","","","","","","","","","","","","","","","","","","","","","","","","",
"Azerbaijan","AZE","Children with fever receiving antimalarial drugs (% of children under age 5 with fever)","SH.MLR.TRET.ZS","","","","","","","","","","","","","","","","","","","","","","","","","","","","","","","","","","","","","","","","","1","","","","","","0","","","","","","","","","","","","","","","","","",
"Burundi","BDI","Children with fever receiving antimalarial drugs (% of children under age 5 with fever)","SH.MLR.TRET.ZS","","","","","","","","","","","","","","","","","","","","","","","","","","","","","","","","","","","","","","","","","31","","","","","30","","","","","17.2","","25.4","","","","","47","","","","","","",
"Belgium","BEL","Children with fever receiving antimalarial drugs (% of children under age 5 with fever)","SH.MLR.TRET.ZS","","","","","","","","","","","","","","","","","","","","","","","","","","","","","","","","","","","","","","","","","","","","","","","","","","","","","","","","","","","","","","","","",
"Benin","BEN","Children with fever receiving antimalarial drugs (% of children under age 5 with fever)","SH.MLR.TRET.ZS","","","","","","","","","","","","","","","","","","","","","","","","","","","","","","","","","","","","","","","","","","63.3","","","","","54","","","","","","38.4","","25.9","","","","17.5","","","","","",
"Burkina Faso","BFA","Children with fever receiving antimalarial drugs (% of children under age 5 with fever)","SH.MLR.TRET.ZS","","","","","","","","","","","","","","","","","","","","","","","","","","","","","","","","","","","","","","","","","","","","49.6","","","48","","","","35.1","","","","49.2","","","","51.1","","","","","",
"Bangladesh","BGD","Children with fever receiving antimalarial drugs (% of children under age 5 with fever)","SH.MLR.TRET.ZS","","","","","","","","","","","","","","","","","","","","","","","","","","","","","","","","","","","","","","","","","","","","","","","","","","","","0.6","","","5","","","","","","","","","",
"Bulgaria","BGR","Children with fever receiving antimalarial drugs (% of children under age 5 with fever)","SH.MLR.TRET.ZS","","","","","","","","","","","","","","","","","","","","","","","","","","","","","","","","","","","","","","","","","","","","","","","","","","","","","","","","","","","","","","","","",
"Bahrain","BHR","Children with fever receiving antimalarial drugs (% of children under age 5 with fever)","SH.MLR.TRET.ZS","","","","","","","","","","","","","","","","","","","","","","","","","","","","","","","","","","","","","","","","","","","","","","","","","","","","","","","","","","","","","","","","",
"Bahamas, The","BHS","Children with fever receiving antimalarial drugs (% of children under age 5 with fever)","SH.MLR.TRET.ZS","","","","","","","","","","","","","","","","","","","","","","","","","","","","","","","","","","","","","","","","","","","","","","","","","","","","","","","","","","","","","","","","",
"Bosnia and Herzegovina","BIH","Children with fever receiving antimalarial drugs (% of children under age 5 with fever)","SH.MLR.TRET.ZS","","","","","","","","","","","","","","","","","","","","","","","","","","","","","","","","","","","","","","","","","","","","","","","","","","","","","","","","","","","","","","","","",
"Belarus","BLR","Children with fever receiving antimalarial drugs (% of children under age 5 with fever)","SH.MLR.TRET.ZS","","","","","","","","","","","","","","","","","","","","","","","","","","","","","","","","","","","","","","","","","","","","","","","","","","","","","","","","","","","","","","","","",
"Belize","BLZ","Children with fever receiving antimalarial drugs (% of children under age 5 with fever)","SH.MLR.TRET.ZS","","","","","","","","","","","","","","","","","","","","","","","","","","","","","","","","","","","","","","","","","","","","","","","","","","","","","","","","","","","","","","","","",
"Bermuda","BMU","Children with fever receiving antimalarial drugs (% of children under age 5 with fever)","SH.MLR.TRET.ZS","","","","","","","","","","","","","","","","","","","","","","","","","","","","","","","","","","","","","","","","","","","","","","","","","","","","","","","","","","","","","","","","",
"Bolivia","BOL","Children with fever receiving antimalarial drugs (% of children under age 5 with fever)","SH.MLR.TRET.ZS","","","","","","","","","","","","","","","","","","","","","","","","","","","","","","","","","","","","","","","","","","","","","","","","","","","","","","","","","","","","","","","","",
"Brazil","BRA","Children with fever receiving antimalarial drugs (% of children under age 5 with fever)","SH.MLR.TRET.ZS","","","","","","","","","","","","","","","","","","","","","","","","","","","","","","","","","","","","","","","","","","","","","","","","","","","","","","","","","","","","","","","","",
"Barbados","BRB","Children with fever receiving antimalarial drugs (% of children under age 5 with fever)","SH.MLR.TRET.ZS","","","","","","","","","","","","","","","","","","","","","","","","","","","","","","","","","","","","","","","","","","","","","","","","","","","","","","","","","","","","","","","","",
"Brunei Darussalam","BRN","Children with fever receiving antimalarial drugs (% of children under age 5 with fever)","SH.MLR.TRET.ZS","","","","","","","","","","","","","","","","","","","","","","","","","","","","","","","","","","","","","","","","","","","","","","","","","","","","","","","","","","","","","","","","",
"Bhutan","BTN","Children with fever receiving antimalarial drugs (% of children under age 5 with fever)","SH.MLR.TRET.ZS","","","","","","","","","","","","","","","","","","","","","","","","","","","","","","","","","","","","","","","","","","","","","","","","","","","","","","","","","","","","","","","","",
"Botswana","BWA","Children with fever receiving antimalarial drugs (% of children under age 5 with fever)","SH.MLR.TRET.ZS","","","","","","","","","","","","","","","","","","","","","","","","","","","","","","","","","","","","","","","","","","","","","","","","","","","","","","","","","","","","","","","","",
"Central African Republic","CAF","Children with fever receiving antimalarial drugs (% of children under age 5 with fever)","SH.MLR.TRET.ZS","","","","","","","","","","","","","","","","","","","","","","","","","","","","","","","","","","","","","","","","","69","","","","","","57","","","","34.1","","","","","","","","","","","","","",
"Canada","CAN","Children with fever receiving antimalarial drugs (% of children under age 5 with fever)","SH.MLR.TRET.ZS","","","","","","","","","","","","","","","","","","","","","","","","","","","","","","","","","","","","","","","","","","","","","","","","","","","","","","","","","","","","","","","","",
"Central Europe and the Baltics","CEB","Children with fever receiving antimalarial drugs (% of children under age 5 with fever)","SH.MLR.TRET.ZS","","","","","","","","","","","","","","","","","","","","","","","","","","","","","","","","","","","","","","","","","","","","","","","","","","","","","","","","","","","","","","","","",
"Switzerland","CHE","Children with fever receiving antimalarial drugs (% of children under age 5 with fever)","SH.MLR.TRET.ZS","","","","","","","","","","","","","","","","","","","","","","","","","","","","","","","","","","","","","","","","","","","","","","","","","","","","","","","","","","","","","","","","",
"Channel Islands","CHI","Children with fever receiving antimalarial drugs (% of children under age 5 with fever)","SH.MLR.TRET.ZS","","","","","","","","","","","","","","","","","","","","","","","","","","","","","","","","","","","","","","","","","","","","","","","","","","","","","","","","","","","","","","","","",
"Chile","CHL","Children with fever receiving antimalarial drugs (% of children under age 5 with fever)","SH.MLR.TRET.ZS","","","","","","","","","","","","","","","","","","","","","","","","","","","","","","","","","","","","","","","","","","","","","","","","","","","","","","","","","","","","","","","","",
"China","CHN","Children with fever receiving antimalarial drugs (% of children under age 5 with fever)","SH.MLR.TRET.ZS","","","","","","","","","","","","","","","","","","","","","","","","","","","","","","","","","","","","","","","","","","","","","","","","","","","","","","","","","","","","","","","","",
"Cote d'Ivoire","CIV","Children with fever receiving antimalarial drugs (% of children under age 5 with fever)","SH.MLR.TRET.ZS","","","","","","","","","","","","","","","","","","","","","","","","","","","","","","","","","","","","","","","","","58","","","","58","","36","","","","","","17.5","","","","","","","","","","","",
"Cameroon","CMR","Children with fever receiving antimalarial drugs (% of children under age 5 with fever)","SH.MLR.TRET.ZS","","","","","","","","","","","","","","","","","","","","","","","","","","","","","","","","","","","","","","","","","66","","","","66.3","","58","","","","","23.1","","","38.2","","","","32.7","","","","","",
"Congo, Dem. Rep.","COD","Children with fever receiving antimalarial drugs (% of children under age 5 with fever)","SH.MLR.TRET.ZS","","","","","","","","","","","","","","","","","","","","","","","","","","","","","","","","","","","","","","","","","","52","","","","","","29.8","","","39.1","","","","29.2","","","","","","","","","",
"Congo, Rep.","COG","Children with fever receiving antimalarial drugs (% of children under age 5 with fever)","SH.MLR.TRET.ZS","","","","","","","","","","","","","","","","","","","","","","","","","","","","","","","","","","","","","","","","","","","","","","48","","","","","","","25","","","","","","","","","","","",
"Colombia","COL","Children with fever receiving antimalarial drugs (% of children under age 5 with fever)","SH.MLR.TRET.ZS","","","","","","","","","","","","","","","","","","","","","","","","","","","","","","","","","","","","","","","","","0.4","","","","","0.1","","","","","3.6","","","","","","","","","","","","","",
"Comoros","COM","Children with fever receiving antimalarial drugs (% of children under age 5 with fever)","SH.MLR.TRET.ZS","","","","","","","","","","","","","","","","","","","","","","","","","","","","","","","","","","","","","","","","","63","","","","","","","","","","","","26.7","","","","","","","","","","","",
"Cabo Verde","CPV","Children with fever receiving antimalarial drugs (% of children under age 5 with fever)","SH.MLR.TRET.ZS","","","","","","","","","","","","","","","","","","","","","","","","","","","","","","","","","","","","","","","","","","","","","","","","","","","","","","","","","","","","","","","","",
"Costa Rica","CRI","Children with fever receiving antimalarial drugs (% of children under age 5 with fever)","SH.MLR.TRET.ZS","","","","","","","","","","","","","","","","","","","","","","","","","","","","","","","","","","","","","","","","","","","","","","","","","","","","","","","","","","","","","","","","",
"Caribbean small states","CSS","Children with fever receiving antimalarial drugs (% of children under age 5 with fever)","SH.MLR.TRET.ZS","","","","","","","","","","","","","","","","","","","","","","","","","","","","","","","","","","","","","","","","","","","","","","","","","","","","","","","","","","","","","","","","",
"Cuba","CUB","Children with fever receiving antimalarial drugs (% of children under age 5 with fever)","SH.MLR.TRET.ZS","","","","","","","","","","","","","","","","","","","","","","","","","","","","","","","","","","","","","","","","","","","","","","","","","","","","","","","","","","","","","","","","",
"Curacao","CUW","Children with fever receiving antimalarial drugs (% of children under age 5 with fever)","SH.MLR.TRET.ZS","","","","","","","","","","","","","","","","","","","","","","","","","","","","","","","","","","","","","","","","","","","","","","","","","","","","","","","","","","","","","","","","",
"Cayman Islands","CYM","Children with fever receiving antimalarial drugs (% of children under age 5 with fever)","SH.MLR.TRET.ZS","","","","","","","","","","","","","","","","","","","","","","","","","","","","","","","","","","","","","","","","","","","","","","","","","","","","","","","","","","","","","","","","",
"Cyprus","CYP","Children with fever receiving antimalarial drugs (% of children under age 5 with fever)","SH.MLR.TRET.ZS","","","","","","","","","","","","","","","","","","","","","","","","","","","","","","","","","","","","","","","","","","","","","","","","","","","","","","","","","","","","","","","","",
"Czechia","CZE","Children with fever receiving antimalarial drugs (% of children under age 5 with fever)","SH.MLR.TRET.ZS","","","","","","","","","","","","","","","","","","","","","","","","","","","","","","","","","","","","","","","","","","","","","","","","","","","","","","","","","","","","","","","","",
"Germany","DEU","Children with fever receiving antimalarial drugs (% of children under age 5 with fever)","SH.MLR.TRET.ZS","","","","","","","","","","","","","","","","","","","","","","","","","","","","","","","","","","","","","","","","","","","","","","","","","","","","","","","","","","","","","","","","",
"Djibouti","DJI","Children with fever receiving antimalarial drugs (% of children under age 5 with fever)","SH.MLR.TRET.ZS","","","","","","","","","","","","","","","","","","","","","","","","","","","","","","","","","","","","","","","","","","","","","","","10","","","0.9","","","","","","","","","","","","","","",
"Dominica","DMA","Children with fever receiving antimalarial drugs (% of children under age 5 with fever)","SH.MLR.TRET.ZS","","","","","","","","","","","","","","","","","","","","","","","","","","","","","","","","","","","","","","","","","","","","","","","","","","","","","","","","","","","","","","","","",
"Denmark","DNK","Children with fever receiving antimalarial drugs (% of children under age 5 with fever)","SH.MLR.TRET.ZS","","","","","","","","","","","","","","","","","","","","","","","","","","","","","","","","","","","","","","","","","","","","","","","","","","","","","","","","","","","","","","","","",
"Dominican Republic","DOM","Children with fever receiving antimalarial drugs (% of children under age 5 with fever)","SH.MLR.TRET.ZS","","","","","","","","","","","","","","","","","","","","","","","","","","","","","","","","","","","","","","","","","","","0.6","","","","","0.6","","","","","","14.9","","","","","","","","","","",
"Algeria","DZA","Children with fever receiving antimalarial drugs (% of children under age 5 with fever)","SH.MLR.TRET.ZS","","","","","","","","","","","","","","","","","","","","","","","","","","","","","","","","","","","","","","","","","","","","","","","","","","","","","","","","","","","","","","","","",
"East Asia & Pacific (excluding high income)","EAP","Children with fever receiving antimalarial drugs (% of children under age 5 with fever)","SH.MLR.TRET.ZS","","","","","","","","","","","","","","","","","","","","","","","","","","","","","","","","","","","","","","","","","","","","","","","","","","","","","","","","","","","","","","","","",
"Early-demographic dividend","EAR","Children with fever receiving antimalarial drugs (% of children under age 5 with fever)","SH.MLR.TRET.ZS","","","","","","","","","","","","","","","","","","","","","","","","","","","","","","","","","","","","","","","","","","","","","","","","","","","","","","","","","","","","16.4608143250885","","","","",
"East Asia & Pacific","EAS","Children with fever receiving antimalarial drugs (% of children under age 5 with fever)","SH.MLR.TRET.ZS","","","","","","","","","","","","","","","","","","","","","","","","","","","","","","","","","","","","","","","","","","","","","","","","","","","","","","","","","","","","","","","","",
"Europe & Central Asia (excluding high income)","ECA","Children with fever receiving antimalarial drugs (% of children under age 5 with fever)","SH.MLR.TRET.ZS","","","","","","","","","","","","","","","","","","","","","","","","","","","","","","","","","","","","","","","","","","","","","","","","","","","","","","","","","","","","","","","","",
"Europe & Central Asia","ECS","Children with fever receiving antimalarial drugs (% of children under age 5 with fever)","SH.MLR.TRET.ZS","","","","","","","","","","","","","","","","","","","","","","","","","","","","","","","","","","","","","","","","","","","","","","","","","","","","","","","","","","","","","","","","",
"Ecuador","ECU","Children with fever receiving antimalarial drugs (% of children under age 5 with fever)","SH.MLR.TRET.ZS","","","","","","","","","","","","","","","","","","","","","","","","","","","","","","","","","","","","","","","","","","","","","","","","","","","","","","","","","","","","","","","","",
"Egypt, Arab Rep.","EGY","Children with fever receiving antimalarial drugs (% of children under age 5 with fever)","SH.MLR.TRET.ZS","","","","","","","","","","","","","","","","","","","","","","","","","","","","","","","","","","","","","","","","","","","","","","","","","","","","","","","","","","","","","","","","",
"Euro area","EMU","Children with fever receiving antimalarial drugs (% of children under age 5 with fever)","SH.MLR.TRET.ZS","","","","","","","","","","","","","","","","","","","","","","","","","","","","","","","","","","","","","","","","","","","","","","","","","","","","","","","","","","","","","","","","",
"Eritrea","ERI","Children with fever receiving antimalarial drugs (% of children under age 5 with fever)","SH.MLR.TRET.ZS","","","","","","","","","","","","","","","","","","","","","","","","","","","","","","","","","","","","","","","","","","","3.6","","","","","","13.1","","1.5","","","","","","","","","","","","","",
"Spain","ESP","Children with fever receiving antimalarial drugs (% of children under age 5 with fever)","SH.MLR.TRET.ZS","","","","","","","","","","","","","","","","","","","","","","","","","","","","","","","","","","","","","","","","","","","","","","","","","","","","","","","","","","","","","","","","",
"Estonia","EST","Children with fever receiving antimalarial drugs (% of children under age 5 with fever)","SH.MLR.TRET.ZS","","","","","","","","","","","","","","","","","","","","","","","","","","","","","","","","","","","","","","","","","","","","","","","","","","","","","","","","","","","","","","","","",
"Ethiopia","ETH","Children with fever receiving antimalarial drugs (% of children under age 5 with fever)","SH.MLR.TRET.ZS","","","","","","","","","","","","","","","","","","","","","","","","","","","","","","","","","","","","","","","","","3","","","","","3.7","","10","","","","3.6","","","","","7.7","","","","","","","",
"European Union","EUU","Children with fever receiving antimalarial drugs (% of children under age 5 with fever)","SH.MLR.TRET.ZS","","","","","","","","","","","","","","","","","","","","","","","","","","","","","","","","","","","","","","","","","","","","","","","","","","","","","","","","","","","","","","","","",
"Fragile and conflict affected situations","FCS","Children with fever receiving antimalarial drugs (% of children under age 5 with fever)","SH.MLR.TRET.ZS","","","","","","","","","","","","","","","","","","","","","","","","","","","","","","","","","","","","","","","","","","","","","","","","","","","","","","","","","","","","","","","","",
"Finland","FIN","Children with fever receiving antimalarial drugs (% of children under age 5 with fever)","SH.MLR.TRET.ZS","","","","","","","","","","","","","","","","","","","","","","","","","","","","","","","","","","","","","","","","","","","","","","","","","","","","","","","","","","","","","","","","",
"Fiji","FJI","Children with fever receiving antimalarial drugs (% of children under age 5 with fever)","SH.MLR.TRET.ZS","","","","","","","","","","","","","","","","","","","","","","","","","","","","","","","","","","","","","","","","","","","","","","","","","","","","","","","","","","","","","","","","",
"France","FRA","Children with fever receiving antimalarial drugs (% of children under age 5 with fever)","SH.MLR.TRET.ZS","","","","","","","","","","","","","","","","","","","","","","","","","","","","","","","","","","","","","","","","","","","","","","","","","","","","","","","","","","","","","","","","",
"Faroe Islands","FRO","Children with fever receiving antimalarial drugs (% of children under age 5 with fever)","SH.MLR.TRET.ZS","","","","","","","","","","","","","","","","","","","","","","","","","","","","","","","","","","","","","","","","","","","","","","","","","","","","","","","","","","","","","","","","",
"Micronesia, Fed. Sts.","FSM","Children with fever receiving antimalarial drugs (% of children under age 5 with fever)","SH.MLR.TRET.ZS","","","","","","","","","","","","","","","","","","","","","","","","","","","","","","","","","","","","","","","","","","","","","","","","","","","","","","","","","","","","","","","","",
"Gabon","GAB","Children with fever receiving antimalarial drugs (% of children under age 5 with fever)","SH.MLR.TRET.ZS","","","","","","","","","","","","","","","","","","","","","","","","","","","","","","","","","","","","","","","","","","","","","","","","","","","","","25.9","","","","","","","","","","","",
"United Kingdom","GBR","Children with fever receiving antimalarial drugs (% of children under age 5 with fever)","SH.MLR.TRET.ZS","","","","","","","","","","","","","","","","","","","","","","","","","","","","","","","","","","","","","","","","","","","","","","","","","","","","","","","","","","","","","","","","",
"Georgia","GEO","Children with fever receiving antimalarial drugs (% of children under age 5 with fever)","SH.MLR.TRET.ZS","","","","","","","","","","","","","","","","","","","","","","","","","","","","","","","","","","","","","","","","","","","","","","","","","","","","","","","","","","","","","","","","",
"Ghana","GHA","Children with fever receiving antimalarial drugs (% of children under age 5 with fever)","SH.MLR.TRET.ZS","","","","","","","","","","","","","","","","","","","","","","","","","","","","","","","","","","","","","","","61","","61","","","62.8","","","61","","43","","","52.6","","","48.5","","50.1","","","45.9","","","","",
"Gibraltar","GIB","Children with fever receiving antimalarial drugs (% of children under age 5 with fever)","SH.MLR.TRET.ZS","","","","","","","","","","","","","","","","","","","","","","","","","","","","","","","","","","","","","","","","","","","","","","","","","","","","","","","","","","","","","","","","",
"Guinea","GIN","Children with fever receiving antimalarial drugs (% of children under age 5 with fever)","SH.MLR.TRET.ZS","","","","","","","","","","","","","","","","","","","","","","","","","","","","","","","","","","","","","","","","","","","","56","","43.5","","74","","","","","28.1","","","","","","24.8","","","31.4","","",
"Gambia, The","GMB","Children with fever receiving antimalarial drugs (% of children under age 5 with fever)","SH.MLR.TRET.ZS","","","","","","","","","","","","","","","","","","","","","","","","","","","","","","","","","","","","","","","","","55","","","","","","63","","","","30.2","","","6.7","","","","","","","3.5","","","",
"Guinea-Bissau","GNB","Children with fever receiving antimalarial drugs (% of children under age 5 with fever)","SH.MLR.TRET.ZS","","","","","","","","","","","","","","","","","","","","","","","","","","","","","","","","","","","","","","","","","58","","","","","","46","","","","51.2","","","","28","","","","","","","","","",
"Equatorial Guinea","GNQ","Children with fever receiving antimalarial drugs (% of children under age 5 with fever)","SH.MLR.TRET.ZS","","","","","","","","","","","","","","","","","","","","","","","","","","","","","","","","","","","","","","","","","49","","","","","","","","","","","33.2","","","","","","","","","","","","",
"Greece","GRC","Children with fever receiving antimalarial drugs (% of children under age 5 with fever)","SH.MLR.TRET.ZS","","","","","","","","","","","","","","","","","","","","","","","","","","","","","","","","","","","","","","","","","","","","","","","","","","","","","","","","","","","","","","","","",
"Grenada","GRD","Children with fever receiving antimalarial drugs (% of children under age 5 with fever)","SH.MLR.TRET.ZS","","","","","","","","","","","","","","","","","","","","","","","","","","","","","","","","","","","","","","","","","","","","","","","","","","","","","","","","","","","","","","","","",
"Greenland","GRL","Children with fever receiving antimalarial drugs (% of children under age 5 with fever)","SH.MLR.TRET.ZS","","","","","","","","","","","","","","","","","","","","","","","","","","","","","","","","","","","","","","","","","","","","","","","","","","","","","","","","","","","","","","","","",
"Guatemala","GTM","Children with fever receiving antimalarial drugs (% of children under age 5 with fever)","SH.MLR.TRET.ZS","","","","","","","","","","","","","","","","","","","","","","","","","","","","","","","","","","","","","","","","","","","","","","","","","","","","","","","","0.4","","","","","","","","",
"Guam","GUM","Children with fever receiving antimalarial drugs (% of children under age 5 with fever)","SH.MLR.TRET.ZS","","","","","","","","","","","","","","","","","","","","","","","","","","","","","","","","","","","","","","","","","","","","","","","","","","","","","","","","","","","","","","","","",
"Guyana","GUY","Children with fever receiving antimalarial drugs (% of children under age 5 with fever)","SH.MLR.TRET.ZS","","","","","","","","","","","","","","","","","","","","","","","","","","","","","","","","","","","","","","","","","3","","","","","","","","","6.4","","","","","7.4","","","","","","","","","",
"High income","HIC","Children with fever receiving antimalarial drugs (% of children under age 5 with fever)","SH.MLR.TRET.ZS","","","","","","","","","","","","","","","","","","","","","","","","","","","","","","","","","","","","","","","","","","","","","","","","","","","","","","","","","","","","","","","","",
"Hong Kong SAR, China","HKG","Children with fever receiving antimalarial drugs (% of children under age 5 with fever)","SH.MLR.TRET.ZS","","","","","","","","","","","","","","","","","","","","","","","","","","","","","","","","","","","","","","","","","","","","","","","","","","","","","","","","","","","","","","","","",
"Honduras","HND","Children with fever receiving antimalarial drugs (% of children under age 5 with fever)","SH.MLR.TRET.ZS","","","","","","","","","","","","","","","","","","","","","","","","","","","","","","","","","","","","","","","","","","","","","","","0.5","","","","","","0.2","","","","","","","","","","","",
"Heavily indebted poor countries (HIPC)","HPC","Children with fever receiving antimalarial drugs (% of children under age 5 with fever)","SH.MLR.TRET.ZS","","","","","","","","","","","","","","","","","","","","","","","","","","","","","","","","","","","","","","","","","37.2406134381611","","","","","","","","","","32.9148586666977","","","","","","","","","","","","","",
"Croatia","HRV","Children with fever receiving antimalarial drugs (% of children under age 5 with fever)","SH.MLR.TRET.ZS","","","","","","","","","","","","","","","","","","","","","","","","","","","","","","","","","","","","","","","","","","","","","","","","","","","","","","","","","","","","","","","","",
"Haiti","HTI","Children with fever receiving antimalarial drugs (% of children under age 5 with fever)","SH.MLR.TRET.ZS","","","","","","","","","","","","","","","","","","","","","","","","","","","","","","","","","","","","","","","","","11.7","","","","","","5.1","","","","","","2.5","","","","","1.1","","","","","","",
"Hungary","HUN","Children with fever receiving antimalarial drugs (% of children under age 5 with fever)","SH.MLR.TRET.ZS","","","","","","","","","","","","","","","","","","","","","","","","","","","","","","","","","","","","","","","","","","","","","","","","","","","","","","","","","","","","","","","","",
"IBRD only","IBD","Children with fever receiving antimalarial drugs (% of children under age 5 with fever)","SH.MLR.TRET.ZS","","","","","","","","","","","","","","","","","","","","","","","","","","","","","","","","","","","","","","","","","","","","","","","","","","","","","","","","","","","","","","","","",
"IDA & IBRD total","IBT","Children with fever receiving antimalarial drugs (% of children under age 5 with fever)","SH.MLR.TRET.ZS","","","","","","","","","","","","","","","","","","","","","","","","","","","","","","","","","","","","","","","","","","","","","","","","","","","","","","","","","","","","","","","","",
"IDA total","IDA","Children with fever receiving antimalarial drugs (% of children under age 5 with fever)","SH.MLR.TRET.ZS","","","","","","","","","","","","","","","","","","","","","","","","","","","","","","","","","","","","","","","","","","","","","","","","","","","31.0757266211973","","","","","","","","","","","","","",
"IDA blend","IDB","Children with fever receiving antimalarial drugs (% of children under age 5 with fever)","SH.MLR.TRET.ZS","","","","","","","","","","","","","","","","","","","","","","","","","","","","","","","","","","","","","","","","","","","","","","","","","","","","","","","","","","","","27.0331257238504","","","","",
"Indonesia","IDN","Children with fever receiving antimalarial drugs (% of children under age 5 with fever)","SH.MLR.TRET.ZS","","","","","","","","","","","","","","","","","","","","","","","","","","","","","","","","","","","","","","","","","4","","","0.7","","","","0.8","","","","","0.8","","","","","0.2","","","","","","",
"IDA only","IDX","Children with fever receiving antimalarial drugs (% of children under age 5 with fever)","SH.MLR.TRET.ZS","","","","","","","","","","","","","","","","","","","","","","","","","","","","","","","","","","","","","","","","","","","","","","","","","","","28.0030094140454","","","","","","","","","","","","","",
"Isle of Man","IMN","Children with fever receiving antimalarial drugs (% of children under age 5 with fever)","SH.MLR.TRET.ZS","","","","","","","","","","","","","","","","","","","","","","","","","","","","","","","","","","","","","","","","","","","","","","","","","","","","","","","","","","","","","","","","",
"India","IND","Children with fever receiving antimalarial drugs (% of children under age 5 with fever)","SH.MLR.TRET.ZS","","","","","","","","","","","","","","","","","","","","","","","","","","","","","","","","","","","","","","","","","12","","","","","","8.4","","","","","","","","","","20.1","","","","","25.2","","",
"Not classified","INX","Children with fever receiving antimalarial drugs (% of children under age 5 with fever)","SH.MLR.TRET.ZS","","","","","","","","","","","","","","","","","","","","","","","","","","","","","","","","","","","","","","","","","","","","","","","","","","","","","","","","","","","","","","","","",
"Ireland","IRL","Children with fever receiving antimalarial drugs (% of children under age 5 with fever)","SH.MLR.TRET.ZS","","","","","","","","","","","","","","","","","","","","","","","","","","","","","","","","","","","","","","","","","","","","","","","","","","","","","","","","","","","","","","","","",
"Iran, Islamic Rep.","IRN","Children with fever receiving antimalarial drugs (% of children under age 5 with fever)","SH.MLR.TRET.ZS","","","","","","","","","","","","","","","","","","","","","","","","","","","","","","","","","","","","","","","","","","","","","","","","","","","","","","","","","","","","","","","","",
"Iraq","IRQ","Children with fever receiving antimalarial drugs (% of children under age 5 with fever)","SH.MLR.TRET.ZS","","","","","","","","","","","","","","","","","","","","","","","","","","","","","","","","","","","","","","","","","1","","","","","","","","","","","","","","","","","","","","","","","",
"Iceland","ISL","Children with fever receiving antimalarial drugs (% of children under age 5 with fever)","SH.MLR.TRET.ZS","","","","","","","","","","","","","","","","","","","","","","","","","","","","","","","","","","","","","","","","","","","","","","","","","","","","","","","","","","","","","","","","",
"Israel","ISR","Children with fever receiving antimalarial drugs (% of children under age 5 with fever)","SH.MLR.TRET.ZS","","","","","","","","","","","","","","","","","","","","","","","","","","","","","","","","","","","","","","","","","","","","","","","","","","","","","","","","","","","","","","","","",
"Italy","ITA","Children with fever receiving antimalarial drugs (% of children under age 5 with fever)","SH.MLR.TRET.ZS","","","","","","","","","","","","","","","","","","","","","","","","","","","","","","","","","","","","","","","","","","","","","","","","","","","","","","","","","","","","","","","","",
"Jamaica","JAM","Children with fever receiving antimalarial drugs (% of children under age 5 with fever)","SH.MLR.TRET.ZS","","","","","","","","","","","","","","","","","","","","","","","","","","","","","","","","","","","","","","","","","","","","","","","","","","","","","","","","","","","","","","","","",
"Jordan","JOR","Children with fever receiving antimalarial drugs (% of children under age 5 with fever)","SH.MLR.TRET.ZS","","","","","","","","","","","","","","","","","","","","","","","","","","","","","","","","","","","","","","","","","","","","","","","","","","","","","","","","","","","","","","","","",
"Japan","JPN","Children with fever receiving antimalarial drugs (% of children under age 5 with fever)","SH.MLR.TRET.ZS","","","","","","","","","","","","","","","","","","","","","","","","","","","","","","","","","","","","","","","","","","","","","","","","","","","","","","","","","","","","","","","","",
"Kazakhstan","KAZ","Children with fever receiving antimalarial drugs (% of children under age 5 with fever)","SH.MLR.TRET.ZS","","","","","","","","","","","","","","","","","","","","","","","","","","","","","","","","","","","","","","","","","","","","","","","","","","","","","","","","","","","","","","","","",
"Kenya","KEN","Children with fever receiving antimalarial drugs (% of children under age 5 with fever)","SH.MLR.TRET.ZS","","","","","","","","","","","","","","","","","","","","","","","","","","","","","","","","","","","","","","","40","","65","","","26.2","","","","","","23.2","","","","","27","27.1","","","","","20.2","","","",
"Kyrgyz Republic","KGZ","Children with fever receiving antimalarial drugs (% of children under age 5 with fever)","SH.MLR.TRET.ZS","","","","","","","","","","","","","","","","","","","","","","","","","","","","","","","","","","","","","","","","","","","","","","","","","","","","","","","","","","","","","","","","",
"Cambodia","KHM","Children with fever receiving antimalarial drugs (% of children under age 5 with fever)","SH.MLR.TRET.ZS","","","","","","","","","","","","","","","","","","","","","","","","","","","","","","","","","","","","","","","","","","","","","","0.2","","","","","0.2","","","","0.3","","","","","","","","","",
"Kiribati","KIR","Children with fever receiving antimalarial drugs (% of children under age 5 with fever)","SH.MLR.TRET.ZS","","","","","","","","","","","","","","","","","","","","","","","","","","","","","","","","","","","","","","","","","","","","","","","","","","","","","","","","","","","","","","","","",
"St. Kitts and Nevis","KNA","Children with fever receiving antimalarial drugs (% of children under age 5 with fever)","SH.MLR.TRET.ZS","","","","","","","","","","","","","","","","","","","","","","","","","","","","","","","","","","","","","","","","","","","","","","","","","","","","","","","","","","","","","","","","",
"Korea, Rep.","KOR","Children with fever receiving antimalarial drugs (% of children under age 5 with fever)","SH.MLR.TRET.ZS","","","","","","","","","","","","","","","","","","","","","","","","","","","","","","","","","","","","","","","","","","","","","","","","","","","","","","","","","","","","","","","","",
"Kuwait","KWT","Children with fever receiving antimalarial drugs (% of children under age 5 with fever)","SH.MLR.TRET.ZS","","","","","","","","","","","","","","","","","","","","","","","","","","","","","","","","","","","","","","","","","","","","","","","","","","","","","","","","","","","","","","","","",
"Latin America & Caribbean (excluding high income)","LAC","Children with fever receiving antimalarial drugs (% of children under age 5 with fever)","SH.MLR.TRET.ZS","","","","","","","","","","","","","","","","","","","","","","","","","","","","","","","","","","","","","","","","","","","","","","","","","","","","","","","","","","","","","","","","",
"Lao PDR","LAO","Children with fever receiving antimalarial drugs (% of children under age 5 with fever)","SH.MLR.TRET.ZS","","","","","","","","","","","","","","","","","","","","","","","","","","","","","","","","","","","","","","","","","9","","","","","","8","","","","","","1.9","","","","","","","","","","","",
"Lebanon","LBN","Children with fever receiving antimalarial drugs (% of children under age 5 with fever)","SH.MLR.TRET.ZS","","","","","","","","","","","","","","","","","","","","","","","","","","","","","","","","","","","","","","","","","","","","","","","","","","","","","","","","","","","","","","","","",
"Liberia","LBR","Children with fever receiving antimalarial drugs (% of children under age 5 with fever)","SH.MLR.TRET.ZS","","","","","","","","","","","","","","","","","","","","","","","","","","","","","","","","","","","","","","","","","","","","","","","","58.8","","67.2","","57.1","","55.7","","","65.5","","","","52.1","","","",
"Libya","LBY","Children with fever receiving antimalarial drugs (% of children under age 5 with fever)","SH.MLR.TRET.ZS","","","","","","","","","","","","","","","","","","","","","","","","","","","","","","","","","","","","","","","","","","","","","","","","","","","","","","","","","","","","","","","","",
"St. Lucia","LCA","Children with fever receiving antimalarial drugs (% of children under age 5 with fever)","SH.MLR.TRET.ZS","","","","","","","","","","","","","","","","","","","","","","","","","","","","","","","","","","","","","","","","","","","","","","","","","","","","","","","","","","","","","","","","",
"Latin America & Caribbean","LCN","Children with fever receiving antimalarial drugs (% of children under age 5 with fever)","SH.MLR.TRET.ZS","","","","","","","","","","","","","","","","","","","","","","","","","","","","","","","","","","","","","","","","","","","","","","","","","","","","","","","","","","","","","","","","",
"Least developed countries: UN classification","LDC","Children with fever receiving antimalarial drugs (% of children under age 5 with fever)","SH.MLR.TRET.ZS","","","","","","","","","","","","","","","","","","","","","","","","","","","","","","","","","","","","","","","","","","","","","","","","","","","28.0008978398431","","","","","","","","","","","","","",
"Low income","LIC","Children with fever receiving antimalarial drugs (% of children under age 5 with fever)","SH.MLR.TRET.ZS","","","","","","","","","","","","","","","","","","","","","","","","","","","","","","","","","","","","","","","","","30.7993113217272","","","","","","","","","","32.5058581958391","","","","","","","","","","","","","",
"Liechtenstein","LIE","Children with fever receiving antimalarial drugs (% of children under age 5 with fever)","SH.MLR.TRET.ZS","","","","","","","","","","","","","","","","","","","","","","","","","","","","","","","","","","","","","","","","","","","","","","","","","","","","","","","","","","","","","","","","",
"Sri Lanka","LKA","Children with fever receiving antimalarial drugs (% of children under age 5 with fever)","SH.MLR.TRET.ZS","","","","","","","","","","","","","","","","","","","","","","","","","","","","","","","","","","","","","","","","","","","","","","","","0","","","","","","","","","","","","","","","","",
"Lower middle income","LMC","Children with fever receiving antimalarial drugs (% of children under age 5 with fever)","SH.MLR.TRET.ZS","","","","","","","","","","","","","","","","","","","","","","","","","","","","","","","","","","","","","","","","","","","","","","","","","","","","","","","","","","","","24.2127597045853","","","","",
"Low & middle income","LMY","Children with fever receiving antimalarial drugs (% of children under age 5 with fever)","SH.MLR.TRET.ZS","","","","","","","","","","","","","","","","","","","","","","","","","","","","","","","","","","","","","","","","","","","","","","","","","","","","","","","","","","","","","","","","",
"Lesotho","LSO","Children with fever receiving antimalarial drugs (% of children under age 5 with fever)","SH.MLR.TRET.ZS","","","","","","","","","","","","","","","","","","","","","","","","","","","","","","","","","","","","","","","","","","","","","","","","","","","","","","","","","","","","","","","","",
"Late-demographic dividend","LTE","Children with fever receiving antimalarial drugs (% of children under age 5 with fever)","SH.MLR.TRET.ZS","","","","","","","","","","","","","","","","","","","","","","","","","","","","","","","","","","","","","","","","","","","","","","","","","","","","","","","","","","","","","","","","",
"Lithuania","LTU","Children with fever receiving antimalarial drugs (% of children under age 5 with fever)","SH.MLR.TRET.ZS","","","","","","","","","","","","","","","","","","","","","","","","","","","","","","","","","","","","","","","","","","","","","","","","","","","","","","","","","","","","","","","","",
"Luxembourg","LUX","Children with fever receiving antimalarial drugs (% of children under age 5 with fever)","SH.MLR.TRET.ZS","","","","","","","","","","","","","","","","","","","","","","","","","","","","","","","","","","","","","","","","","","","","","","","","","","","","","","","","","","","","","","","","",
"Latvia","LVA","Children with fever receiving antimalarial drugs (% of children under age 5 with fever)","SH.MLR.TRET.ZS","","","","","","","","","","","","","","","","","","","","","","","","","","","","","","","","","","","","","","","","","","","","","","","","","","","","","","","","","","","","","","","","",
"Macao SAR, China","MAC","Children with fever receiving antimalarial drugs (% of children under age 5 with fever)","SH.MLR.TRET.ZS","","","","","","","","","","","","","","","","","","","","","","","","","","","","","","","","","","","","","","","","","","","","","","","","","","","","","","","","","","","","","","","","",
"St. Martin (French part)","MAF","Children with fever receiving antimalarial drugs (% of children under age 5 with fever)","SH.MLR.TRET.ZS","","","","","","","","","","","","","","","","","","","","","","","","","","","","","","","","","","","","","","","","","","","","","","","","","","","","","","","","","","","","","","","","",
"Morocco","MAR","Children with fever receiving antimalarial drugs (% of children under age 5 with fever)","SH.MLR.TRET.ZS","","","","","","","","","","","","","","","","","","","","","","","","","","","","","","","","","","","","","","","","","","","","","","","","","","","","","","","","","","","","","","","","",
"Monaco","MCO","Children with fever receiving antimalarial drugs (% of children under age 5 with fever)","SH.MLR.TRET.ZS","","","","","","","","","","","","","","","","","","","","","","","","","","","","","","","","","","","","","","","","","","","","","","","","","","","","","","","","","","","","","","","","",
"Moldova","MDA","Children with fever receiving antimalarial drugs (% of children under age 5 with fever)","SH.MLR.TRET.ZS","","","","","","","","","","","","","","","","","","","","","","","","","","","","","","","","","","","","","","","","","","","","","","","","","","","","","","","","","","","","","","","","",
"Madagascar","MDG","Children with fever receiving antimalarial drugs (% of children under age 5 with fever)","SH.MLR.TRET.ZS","","","","","","","","","","","","","","","","","","","","","","","","","","","","","","","","","","","","","","","","","61","","","","34.2","","","","","19.7","","19.8","","11.2","","","10.1","","","","","15.3","","",
"Maldives","MDV","Children with fever receiving antimalarial drugs (% of children under age 5 with fever)","SH.MLR.TRET.ZS","","","","","","","","","","","","","","","","","","","","","","","","","","","","","","","","","","","","","","","","","","","","","","","","","","","","","","","","","","","","","","","","",
"Middle East & North Africa","MEA","Children with fever receiving antimalarial drugs (% of children under age 5 with fever)","SH.MLR.TRET.ZS","","","","","","","","","","","","","","","","","","","","","","","","","","","","","","","","","","","","","","","","","","","","","","","","","","","","","","","","","","","","","","","","",
"Mexico","MEX","Children with fever receiving antimalarial drugs (% of children under age 5 with fever)","SH.MLR.TRET.ZS","","","","","","","","","","","","","","","","","","","","","","","","","","","","","","","","","","","","","","","","","","","","","","","","","","","","","","","","","","","","","","","","",
"Marshall Islands","MHL","Children with fever receiving antimalarial drugs (% of children under age 5 with fever)","SH.MLR.TRET.ZS","","","","","","","","","","","","","","","","","","","","","","","","","","","","","","","","","","","","","","","","","","","","","","","","","","","","","","","","","","","","","","","","",
"Middle income","MIC","Children with fever receiving antimalarial drugs (% of children under age 5 with fever)","SH.MLR.TRET.ZS","","","","","","","","","","","","","","","","","","","","","","","","","","","","","","","","","","","","","","","","","","","","","","","","","","","","","","","","","","","","","","","","",
"North Macedonia","MKD","Children with fever receiving antimalarial drugs (% of children under age 5 with fever)","SH.MLR.TRET.ZS","","","","","","","","","","","","","","","","","","","","","","","","","","","","","","","","","","","","","","","","","","","","","","","","","","","","","","","","","","","","","","","","",
"Mali","MLI","Children with fever receiving antimalarial drugs (% of children under age 5 with fever)","SH.MLR.TRET.ZS","","","","","","","","","","","","","","","","","","","","","","","","","","","","","","","","","","","","","","","","","","38.4","","38","","","31.7","","","","34.8","","","22.5","","28.7","","","18.7","","","","","",
"Malta","MLT","Children with fever receiving antimalarial drugs (% of children under age 5 with fever)","SH.MLR.TRET.ZS","","","","","","","","","","","","","","","","","","","","","","","","","","","","","","","","","","","","","","","","","","","","","","","","","","","","","","","","","","","","","","","","",
"Myanmar","MMR","Children with fever receiving antimalarial drugs (% of children under age 5 with fever)","SH.MLR.TRET.ZS","","","","","","","","","","","","","","","","","","","","","","","","","","","","","","","","","","","","","","","","","","","","","","","","","","","","","","","","","0.8","","","","","","","",
"Middle East & North Africa (excluding high income)","MNA","Children with fever receiving antimalarial drugs (% of children under age 5 with fever)","SH.MLR.TRET.ZS","","","","","","","","","","","","","","","","","","","","","","","","","","","","","","","","","","","","","","","","","","","","","","","","","","","","","","","","","","","","","","","","",
"Montenegro","MNE","Children with fever receiving antimalarial drugs (% of children under age 5 with fever)","SH.MLR.TRET.ZS","","","","","","","","","","","","","","","","","","","","","","","","","","","","","","","","","","","","","","","","","","","","","","","","","","","","","","","","","","","","","","","","",
"Mongolia","MNG","Children with fever receiving antimalarial drugs (% of children under age 5 with fever)","SH.MLR.TRET.ZS","","","","","","","","","","","","","","","","","","","","","","","","","","","","","","","","","","","","","","","","","","","","","","","","","","","","","","","","","","","","","","","","",
"Northern Mariana Islands","MNP","Children with fever receiving antimalarial drugs (% of children under age 5 with fever)","SH.MLR.TRET.ZS","","","","","","","","","","","","","","","","","","","","","","","","","","","","","","","","","","","","","","","","","","","","","","","","","","","","","","","","","","","","","","","","",
"Mozambique","MOZ","Children with fever receiving antimalarial drugs (% of children under age 5 with fever)","SH.MLR.TRET.ZS","","","","","","","","","","","","","","","","","","","","","","","","","","","","","","","","","","","","","","","","","","","","14.9","","","","23","36.7","","","29.9","","","","38.4","","","32.7","","","","","",
"Mauritania","MRT","Children with fever receiving antimalarial drugs (% of children under age 5 with fever)","SH.MLR.TRET.ZS","","","","","","","","","","","","","","","","","","","","","","","","","","","","","","","","","","","","","","","","","","","","","33","","","21","","","","19.7","","","","","","","","","","15.3","","",
"Mauritius","MUS","Children with fever receiving antimalarial drugs (% of children under age 5 with fever)","SH.MLR.TRET.ZS","","","","","","","","","","","","","","","","","","","","","","","","","","","","","","","","","","","","","","","","","","","","","","","","","","","","","","","","","","","","","","","","",
"Malawi","MWI","Children with fever receiving antimalarial drugs (% of children under age 5 with fever)","SH.MLR.TRET.ZS","","","","","","","","","","","","","","","","","","","","","","","","","","","","","","","","","","","","","","","","","24.4","","","","28.4","","25","","","","43.4","","32.5","","42.4","","37.6","29.4","","","","","","",
"Malaysia","MYS","Children with fever receiving antimalarial drugs (% of children under age 5 with fever)","SH.MLR.TRET.ZS","","","","","","","","","","","","","","","","","","","","","","","","","","","","","","","","","","","","","","","","","","","","","","","","","","","","","","","","","","","","","","","","",
"North America","NAC","Children with fever receiving antimalarial drugs (% of children under age 5 with fever)","SH.MLR.TRET.ZS","","","","","","","","","","","","","","","","","","","","","","","","","","","","","","","","","","","","","","","","","","","","","","","","","","","","","","","","","","","","","","","","",
"Namibia","NAM","Children with fever receiving antimalarial drugs (% of children under age 5 with fever)","SH.MLR.TRET.ZS","","","","","","","","","","","","","","","","","","","","","","","","","","","","","","","","","","","","","","","","","14.4","","","","","","9.8","9.8","","20.3","","","","8.4","","","","","","","","","","",
"New Caledonia","NCL","Children with fever receiving antimalarial drugs (% of children under age 5 with fever)","SH.MLR.TRET.ZS","","","","","","","","","","","","","","","","","","","","","","","","","","","","","","","","","","","","","","","","","","","","","","","","","","","","","","","","","","","","","","","","",
"Niger","NER","Children with fever receiving antimalarial drugs (% of children under age 5 with fever)","SH.MLR.TRET.ZS","","","","","","","","","","","","","","","","","","","","","","","","","","","","","","","","","","","","","","","","","48","","","","","","33","","","","","","19.2","","","","","","","","","","","",
"Nigeria","NGA","Children with fever receiving antimalarial drugs (% of children under age 5 with fever)","SH.MLR.TRET.ZS","","","","","","","","","","","","","","","","","","","","","","","","","","","","","","","","","","","","","","","","","","","","34.3","","","","","33.2","","49.1","44.6","","32.7","27.3","41.2","","","43.5","","","","","",
"Nicaragua","NIC","Children with fever receiving antimalarial drugs (% of children under age 5 with fever)","SH.MLR.TRET.ZS","","","","","","","","","","","","","","","","","","","","","","","","","","","","","","","","","","","","","","","","","","1.8","","","","","","","","","","","","","","","","","","","","","","",
"Netherlands","NLD","Children with fever receiving antimalarial drugs (% of children under age 5 with fever)","SH.MLR.TRET.ZS","","","","","","","","","","","","","","","","","","","","","","","","","","","","","","","","","","","","","","","","","","","","","","","","","","","","","","","","","","","","","","","","",
"Norway","NOR","Children with fever receiving antimalarial drugs (% of children under age 5 with fever)","SH.MLR.TRET.ZS","","","","","","","","","","","","","","","","","","","","","","","","","","","","","","","","","","","","","","","","","","","","","","","","","","","","","","","","","","","","","","","","",
"Nepal","NPL","Children with fever receiving antimalarial drugs (% of children under age 5 with fever)","SH.MLR.TRET.ZS","","","","","","","","","","","","","","","","","","","","","","","","","","","","","","","","","","","","","","","","","","","","","","","0.1","","","","","24.2","","","","","2","","","","","","","",
"Nauru","NRU","Children with fever receiving antimalarial drugs (% of children under age 5 with fever)","SH.MLR.TRET.ZS","","","","","","","","","","","","","","","","","","","","","","","","","","","","","","","","","","","","","","","","","","","","","","","","","","","","","","","","","","","","","","","","",
"New Zealand","NZL","Children with fever receiving antimalarial drugs (% of children under age 5 with fever)","SH.MLR.TRET.ZS","","","","","","","","","","","","","","","","","","","","","","","","","","","","","","","","","","","","","","","","","","","","","","","","","","","","","","","","","","","","","","","","",
"OECD members","OED","Children with fever receiving antimalarial drugs (% of children under age 5 with fever)","SH.MLR.TRET.ZS","","","","","","","","","","","","","","","","","","","","","","","","","","","","","","","","","","","","","","","","","","","","","","","","","","","","","","","","","","","","","","","","",
"Oman","OMN","Children with fever receiving antimalarial drugs (% of children under age 5 with fever)","SH.MLR.TRET.ZS","","","","","","","","","","","","","","","","","","","","","","","","","","","","","","","","","","","","","","","","","","","","","","","","","","","","","","","","","","","","","","","","",
"Other small states","OSS","Children with fever receiving antimalarial drugs (% of children under age 5 with fever)","SH.MLR.TRET.ZS","","","","","","","","","","","","","","","","","","","","","","","","","","","","","","","","","","","","","","","","","","","","","","","","","","","","","","","","","","","","","","","","",
"Pakistan","PAK","Children with fever receiving antimalarial drugs (% of children under age 5 with fever)","SH.MLR.TRET.ZS","","","","","","","","","","","","","","","","","","","","","","","","","","","","","","","","","","","","","","","","","","","","","","","","3.3","","","","","","3.4","","","","","9.2","","","","","",
"Panama","PAN","Children with fever receiving antimalarial drugs (% of children under age 5 with fever)","SH.MLR.TRET.ZS","","","","","","","","","","","","","","","","","","","","","","","","","","","","","","","","","","","","","","","","","","","","","","","","","","","","","","","","","","","","","","","","",
"Peru","PER","Children with fever receiving antimalarial drugs (% of children under age 5 with fever)","SH.MLR.TRET.ZS","","","","","","","","","","","","","","","","","","","","","","","","","","","","","","","","","","","","","","","","","","","","","","","30.3","","53.4","52.2","54.8","53.4","53","","","","","","","","","","","",
"Philippines","PHL","Children with fever receiving antimalarial drugs (% of children under age 5 with fever)","SH.MLR.TRET.ZS","","","","","","","","","","","","","","","","","","","","","","","","","","","","","","","","","","","","","","","","","","","","0.2","","","","","0","","","","","0.1","","","","0.3","","","","","","",
"Palau","PLW","Children with fever receiving antimalarial drugs (% of children under age 5 with fever)","SH.MLR.TRET.ZS","","","","","","","","","","","","","","","","","","","","","","","","","","","","","","","","","","","","","","","","","","","","","","","","","","","","","","","","","","","","","","","","",
"Papua New Guinea","PNG","Children with fever receiving antimalarial drugs (% of children under age 5 with fever)","SH.MLR.TRET.ZS","","","","","","","","","","","","","","","","","","","","","","","","","","","","","","","","","","","","","","","","","","","","","","","","","","","","","","","","","","","21.3","","","","","",
"Poland","POL","Children with fever receiving antimalarial drugs (% of children under age 5 with fever)","SH.MLR.TRET.ZS","","","","","","","","","","","","","","","","","","","","","","","","","","","","","","","","","","","","","","","","","","","","","","","","","","","","","","","","","","","","","","","","",
"Pre-demographic dividend","PRE","Children with fever receiving antimalarial drugs (% of children under age 5 with fever)","SH.MLR.TRET.ZS","","","","","","","","","","","","","","","","","","","","","","","","","","","","","","","","","","","","","","","","","","","","","","","","","","","40.3049667870298","","","","","","","","","","","","","",
"Puerto Rico","PRI","Children with fever receiving antimalarial drugs (% of children under age 5 with fever)","SH.MLR.TRET.ZS","","","","","","","","","","","","","","","","","","","","","","","","","","","","","","","","","","","","","","","","","","","","","","","","","","","","","","","","","","","","","","","","",
"Korea, Dem. People's Rep.","PRK","Children with fever receiving antimalarial drugs (% of children under age 5 with fever)","SH.MLR.TRET.ZS","","","","","","","","","","","","","","","","","","","","","","","","","","","","","","","","","","","","","","","","","","","","","","","","","","","","","","","","","","","","","","","","",
"Portugal","PRT","Children with fever receiving antimalarial drugs (% of children under age 5 with fever)","SH.MLR.TRET.ZS","","","","","","","","","","","","","","","","","","","","","","","","","","","","","","","","","","","","","","","","","","","","","","","","","","","","","","","","","","","","","","","","",
"Paraguay","PRY","Children with fever receiving antimalarial drugs (% of children under age 5 with fever)","SH.MLR.TRET.ZS","","","","","","","","","","","","","","","","","","","","","","","","","","","","","","","","","","","","","","","","","","","","","","","","","","","","","","","","","","","","","","","","",
"West Bank and Gaza","PSE","Children with fever receiving antimalarial drugs (% of children under age 5 with fever)","SH.MLR.TRET.ZS","","","","","","","","","","","","","","","","","","","","","","","","","","","","","","","","","","","","","","","","","","","","","","","","","","","","","","","","","","","","","","","","",
"Pacific island small states","PSS","Children with fever receiving antimalarial drugs (% of children under age 5 with fever)","SH.MLR.TRET.ZS","","","","","","","","","","","","","","","","","","","","","","","","","","","","","","","","","","","","","","","","","","","","","","","","","","","","","","","","","","","","","","","","",
"Post-demographic dividend","PST","Children with fever receiving antimalarial drugs (% of children under age 5 with fever)","SH.MLR.TRET.ZS","","","","","","","","","","","","","","","","","","","","","","","","","","","","","","","","","","","","","","","","","","","","","","","","","","","","","","","","","","","","","","","","",
"French Polynesia","PYF","Children with fever receiving antimalarial drugs (% of children under age 5 with fever)","SH.MLR.TRET.ZS","","","","","","","","","","","","","","","","","","","","","","","","","","","","","","","","","","","","","","","","","","","","","","","","","","","","","","","","","","","","","","","","",
"Qatar","QAT","Children with fever receiving antimalarial drugs (% of children under age 5 with fever)","SH.MLR.TRET.ZS","","","","","","","","","","","","","","","","","","","","","","","","","","","","","","","","","","","","","","","","","","","","","","","","","","","","","","","","","","","","","","","","",
"Romania","ROU","Children with fever receiving antimalarial drugs (% of children under age 5 with fever)","SH.MLR.TRET.ZS","","","","","","","","","","","","","","","","","","","","","","","","","","","","","","","","","","","","","","","","","","","","","","","","","","","","","","","","","","","","","","","","",
"Russian Federation","RUS","Children with fever receiving antimalarial drugs (% of children under age 5 with fever)","SH.MLR.TRET.ZS","","","","","","","","","","","","","","","","","","","","","","","","","","","","","","","","","","","","","","","","","","","","","","","","","","","","","","","","","","","","","","","","",
"Rwanda","RWA","Children with fever receiving antimalarial drugs (% of children under age 5 with fever)","SH.MLR.TRET.ZS","","","","","","","","","","","","","","","","","","","","","","","","","","","","","","","","","","","","","","","","","6.3","","","","","15.5","","","5.6","","10.8","","","12","","11.4","","19.6","","","8.1","","","",
"South Asia","SAS","Children with fever receiving antimalarial drugs (% of children under age 5 with fever)","SH.MLR.TRET.ZS","","","","","","","","","","","","","","","","","","","","","","","","","","","","","","","","","","","","","","","","","12","","","","","","","","","","","","","","","","","","","21.6235469269744","","","","",
"Saudi Arabia","SAU","Children with fever receiving antimalarial drugs (% of children under age 5 with fever)","SH.MLR.TRET.ZS","","","","","","","","","","","","","","","","","","","","","","","","","","","","","","","","","","","","","","","","","","","","","","","","","","","","","","","","","","","","","","","","",
"Sudan","SDN","Children with fever receiving antimalarial drugs (% of children under age 5 with fever)","SH.MLR.TRET.ZS","","","","","","","","","","","","","","","","","","","","","","","","","","","","","","","","","","","","","","","","","50.2","","","","","","54","","","35.8","65","","","","","","","","","","","","","",
"Senegal","SEN","Children with fever receiving antimalarial drugs (% of children under age 5 with fever)","SH.MLR.TRET.ZS","","","","","","","","","","","","","","","","","","","","","","","","","","","","","","","","","","","","","","","","","36","","","","","26.8","20","","","9.1","","8.2","","6.2","6.7","3.4","1.7","4.7","5.1","1.4","","2.7","","",
"Singapore","SGP","Children with fever receiving antimalarial drugs (% of children under age 5 with fever)","SH.MLR.TRET.ZS","","","","","","","","","","","","","","","","","","","","","","","","","","","","","","","","","","","","","","","","","","","","","","","","","","","","","","","","","","","","","","","","",
"Solomon Islands","SLB","Children with fever receiving antimalarial drugs (% of children under age 5 with fever)","SH.MLR.TRET.ZS","","","","","","","","","","","","","","","","","","","","","","","","","","","","","","","","","","","","","","","","","","","","","","","","19","","","","","","","","","","","","","","","","",
"Sierra Leone","SLE","Children with fever receiving antimalarial drugs (% of children under age 5 with fever)","SH.MLR.TRET.ZS","","","","","","","","","","","","","","","","","","","","","","","","","","","","","","","","","","","","","","","","","61","","","","","52","","","27.8","","62.1","","","48.3","","","57","","","55.9","","","","",
"El Salvador","SLV","Children with fever receiving antimalarial drugs (% of children under age 5 with fever)","SH.MLR.TRET.ZS","","","","","","","","","","","","","","","","","","","","","","","","","","","","","","","","","","","","","","","","","","","","","","","","","","","","","","","","","","","","","","","","",
"San Marino","SMR","Children with fever receiving antimalarial drugs (% of children under age 5 with fever)","SH.MLR.TRET.ZS","","","","","","","","","","","","","","","","","","","","","","","","","","","","","","","","","","","","","","","","","","","","","","","","","","","","","","","","","","","","","","","","",
"Somalia","SOM","Children with fever receiving antimalarial drugs (% of children under age 5 with fever)","SH.MLR.TRET.ZS","","","","","","","","","","","","","","","","","","","","","","","","","","","","","","","","","","","","","","","","19","","","","","","","8","","","","","","","","","","","","","","","","","",
"Serbia","SRB","Children with fever receiving antimalarial drugs (% of children under age 5 with fever)","SH.MLR.TRET.ZS","","","","","","","","","","","","","","","","","","","","","","","","","","","","","","","","","","","","","","","","","","","","","","","","","","","","","","","","","","","","","","","","",
"Sub-Saharan Africa (excluding high income)","SSA","Children with fever receiving antimalarial drugs (% of children under age 5 with fever)","SH.MLR.TRET.ZS","","","","","","","","","","","","","","","","","","","","","","","","","","","","","","","","","","","","","","","","","","","","","","","","","","","35.7987403545","","","","","","","","","30.6240345141985","","","","",
"South Sudan","SSD","Children with fever receiving antimalarial drugs (% of children under age 5 with fever)","SH.MLR.TRET.ZS","","","","","","","","","","","","","","","","","","","","","","","","","","","","","","","","","","","","","","","","","","","","","","","46.1","","","35.8","51.2","","","31.9","","","","","","","","","","",
"Sub-Saharan Africa","SSF","Children with fever receiving antimalarial drugs (% of children under age 5 with fever)","SH.MLR.TRET.ZS","","","","","","","","","","","","","","","","","","","","","","","","","","","","","","","","","","","","","","","","","","","","","","","","","","","35.7987403545","","","","","","","","","30.6240345141985","","","","",
"Small states","SST","Children with fever receiving antimalarial drugs (% of children under age 5 with fever)","SH.MLR.TRET.ZS","","","","","","","","","","","","","","","","","","","","","","","","","","","","","","","","","","","","","","","","","","","","","","","","","","","","","","","","","","","","","","","","",
"Sao Tome and Principe","STP","Children with fever receiving antimalarial drugs (% of children under age 5 with fever)","SH.MLR.TRET.ZS","","","","","","","","","","","","","","","","","","","","","","","","","","","","","","","","","","","","","","","","","61","","","61","","","25","","","8.4","","","","","1.4","","","","","","","","","",
"Suriname","SUR","Children with fever receiving antimalarial drugs (% of children under age 5 with fever)","SH.MLR.TRET.ZS","","","","","","","","","","","","","","","","","","","","","","","","","","","","","","","","","","","","","","","","","","","","","","","","","","","0","","","","","","","","","","","","","",
"Slovak Republic","SVK","Children with fever receiving antimalarial drugs (% of children under age 5 with fever)","SH.MLR.TRET.ZS","","","","","","","","","","","","","","","","","","","","","","","","","","","","","","","","","","","","","","","","","","","","","","","","","","","","","","","","","","","","","","","","",
"Slovenia","SVN","Children with fever receiving antimalarial drugs (% of children under age 5 with fever)","SH.MLR.TRET.ZS","","","","","","","","","","","","","","","","","","","","","","","","","","","","","","","","","","","","","","","","","","","","","","","","","","","","","","","","","","","","","","","","",
"Sweden","SWE","Children with fever receiving antimalarial drugs (% of children under age 5 with fever)","SH.MLR.TRET.ZS","","","","","","","","","","","","","","","","","","","","","","","","","","","","","","","","","","","","","","","","","","","","","","","","","","","","","","","","","","","","","","","","",
"Eswatini","SWZ","Children with fever receiving antimalarial drugs (% of children under age 5 with fever)","SH.MLR.TRET.ZS","","","","","","","","","","","","","","","","","","","","","","","","","","","","","","","","","","","","","","","","","26","","","","","","","0.6","","","1.7","","","","","","","","","","","","","",
"Sint Maarten (Dutch part)","SXM","Children with fever receiving antimalarial drugs (% of children under age 5 with fever)","SH.MLR.TRET.ZS","","","","","","","","","","","","","","","","","","","","","","","","","","","","","","","","","","","","","","","","","","","","","","","","","","","","","","","","","","","","","","","","",
"Seychelles","SYC","Children with fever receiving antimalarial drugs (% of children under age 5 with fever)","SH.MLR.TRET.ZS","","","","","","","","","","","","","","","","","","","","","","","","","","","","","","","","","","","","","","","","","","","","","","","","","","","","","","","","","","","","","","","","",
"Syrian Arab Republic","SYR","Children with fever receiving antimalarial drugs (% of children under age 5 with fever)","SH.MLR.TRET.ZS","","","","","","","","","","","","","","","","","","","","","","","","","","","","","","","","","","","","","","","","","","","","","","","","","","","","","","","","","","","","","","","","",
"Turks and Caicos Islands","TCA","Children with fever receiving antimalarial drugs (% of children under age 5 with fever)","SH.MLR.TRET.ZS","","","","","","","","","","","","","","","","","","","","","","","","","","","","","","","","","","","","","","","","","","","","","","","","","","","","","","","","","","","","","","","","",
"Chad","TCD","Children with fever receiving antimalarial drugs (% of children under age 5 with fever)","SH.MLR.TRET.ZS","","","","","","","","","","","","","","","","","","","","","","","","","","","","","","","","","","","","","","","","","32","","","","53","","","","","","42.7","","","","","26.9","","","","","","","","",
"East Asia & Pacific (IDA & IBRD countries)","TEA","Children with fever receiving antimalarial drugs (% of children under age 5 with fever)","SH.MLR.TRET.ZS","","","","","","","","","","","","","","","","","","","","","","","","","","","","","","","","","","","","","","","","","","","","","","","","","","","","","","","","","","","","","","","","",
"Europe & Central Asia (IDA & IBRD countries)","TEC","Children with fever receiving antimalarial drugs (% of children under age 5 with fever)","SH.MLR.TRET.ZS","","","","","","","","","","","","","","","","","","","","","","","","","","","","","","","","","","","","","","","","","","","","","","","","","","","","","","","","","","","","","","","","",
"Togo","TGO","Children with fever receiving antimalarial drugs (% of children under age 5 with fever)","SH.MLR.TRET.ZS","","","","","","","","","","","","","","","","","","","","","","","","","","","","","","","","","","","","","","","","","60","","","","","","48","","","","33.8","","","","18.3","","","31.1","","","","","","",
"Thailand","THA","Children with fever receiving antimalarial drugs (% of children under age 5 with fever)","SH.MLR.TRET.ZS","","","","","","","","","","","","","","","","","","","","","","","","","","","","","","","","","","","","","","","","","","","","","","","","","","","","","","","","","","","","","","","","",
"Tajikistan","TJK","Children with fever receiving antimalarial drugs (% of children under age 5 with fever)","SH.MLR.TRET.ZS","","","","","","","","","","","","","","","","","","","","","","","","","","","","","","","","","","","","","","","","","68.9","","","","","2","","","","","","","2.1","","","","","","","","","","","",
"Turkmenistan","TKM","Children with fever receiving antimalarial drugs (% of children under age 5 with fever)","SH.MLR.TRET.ZS","","","","","","","","","","","","","","","","","","","","","","","","","","","","","","","","","","","","","","","","","","","","","","","","","","","","","","","","","","","","","","","","",
"Latin America & the Caribbean (IDA & IBRD countries)","TLA","Children with fever receiving antimalarial drugs (% of children under age 5 with fever)","SH.MLR.TRET.ZS","","","","","","","","","","","","","","","","","","","","","","","","","","","","","","","","","","","","","","","","","","","","","","","","","","","","","","","","","","","","","","","","",
"Timor-Leste","TLS","Children with fever receiving antimalarial drugs (% of children under age 5 with fever)","SH.MLR.TRET.ZS","","","","","","","","","","","","","","","","","","","","","","","","","","","","","","","","","","","","","","","","","","","47","","","","","","","","5.7","","","","","","10","","","","","","","",
"Middle East & North Africa (IDA & IBRD countries)","TMN","Children with fever receiving antimalarial drugs (% of children under age 5 with fever)","SH.MLR.TRET.ZS","","","","","","","","","","","","","","","","","","","","","","","","","","","","","","","","","","","","","","","","","","","","","","","","","","","","","","","","","","","","","","","","",
"Tonga","TON","Children with fever receiving antimalarial drugs (% of children under age 5 with fever)","SH.MLR.TRET.ZS","","","","","","","","","","","","","","","","","","","","","","","","","","","","","","","","","","","","","","","","","","","","","","","","","","","","","","","","","","","","","","","","",
"South Asia (IDA & IBRD)","TSA","Children with fever receiving antimalarial drugs (% of children under age 5 with fever)","SH.MLR.TRET.ZS","","","","","","","","","","","","","","","","","","","","","","","","","","","","","","","","","","","","","","","","","12","","","","","","","","","","","","","","","","","","","21.6235469269744","","","","",
"Sub-Saharan Africa (IDA & IBRD countries)","TSS","Children with fever receiving antimalarial drugs (% of children under age 5 with fever)","SH.MLR.TRET.ZS","","","","","","","","","","","","","","","","","","","","","","","","","","","","","","","","","","","","","","","","","","","","","","","","","","","35.7987403545","","","","","","","","","30.6240345141985","","","","",
"Trinidad and Tobago","TTO","Children with fever receiving antimalarial drugs (% of children under age 5 with fever)","SH.MLR.TRET.ZS","","","","","","","","","","","","","","","","","","","","","","","","","","","","","","","","","","","","","","","","","","","","","","","","","","","","","","","","","","","","","","","","",
"Tunisia","TUN","Children with fever receiving antimalarial drugs (% of children under age 5 with fever)","SH.MLR.TRET.ZS","","","","","","","","","","","","","","","","","","","","","","","","","","","","","","","","","","","","","","","","","","","","","","","","","","","","","","","","","","","","","","","","",
"Turkiye","TUR","Children with fever receiving antimalarial drugs (% of children under age 5 with fever)","SH.MLR.TRET.ZS","","","","","","","","","","","","","","","","","","","","","","","","","","","","","","","","","","","","","","","","","","","","","","","","","","","","","","","","","","","","","","","","",
"Tuvalu","TUV","Children with fever receiving antimalarial drugs (% of children under age 5 with fever)","SH.MLR.TRET.ZS","","","","","","","","","","","","","","","","","","","","","","","","","","","","","","","","","","","","","","","","","","","","","","","","","","","","","","","","","","","","","","","","",
"Tanzania","TZA","Children with fever receiving antimalarial drugs (% of children under age 5 with fever)","SH.MLR.TRET.ZS","","","","","","","","","","","","","","","","","","","","","","","","","","","","","","","","","","","","","","","","53","","","","","","60","","","56.7","","59.1","","53.7","","","","51.1","36.2","","","","","","",
"Uganda","UGA","Children with fever receiving antimalarial drugs (% of children under age 5 with fever)","SH.MLR.TRET.ZS","","","","","","","","","","","","","","","","","","","","","","","","","","","","","","","","","","","","","","","","","","14.8","","","","","61.3","","","59.6","","64.5","","","","76.9","71.5","","","62.5","","","","",
"Ukraine","UKR","Children with fever receiving antimalarial drugs (% of children under age 5 with fever)","SH.MLR.TRET.ZS","","","","","","","","","","","","","","","","","","","","","","","","","","","","","","","","","","","","","","","","","","","","","","","","","","","","","","","","","","","","","","","","",
"Upper middle income","UMC","Children with fever receiving antimalarial drugs (% of children under age 5 with fever)","SH.MLR.TRET.ZS","","","","","","","","","","","","","","","","","","","","","","","","","","","","","","","","","","","","","","","","","","","","","","","","","","","","","","","","","","","","","","","","",
"Uruguay","URY","Children with fever receiving antimalarial drugs (% of children under age 5 with fever)","SH.MLR.TRET.ZS","","","","","","","","","","","","","","","","","","","","","","","","","","","","","","","","","","","","","","","","","","","","","","","","","","","","","","","","","","","","","","","","",
"United States","USA","Children with fever receiving antimalarial drugs (% of children under age 5 with fever)","SH.MLR.TRET.ZS","","","","","","","","","","","","","","","","","","","","","","","","","","","","","","","","","","","","","","","","","","","","","","","","","","","","","","","","","","","","","","","","",
"Uzbekistan","UZB","Children with fever receiving antimalarial drugs (% of children under age 5 with fever)","SH.MLR.TRET.ZS","","","","","","","","","","","","","","","","","","","","","","","","","","","","","","","","","","","","","","","","","","","","","","","","","","","","","","","","","","","","","","","","",
"St. Vincent and the Grenadines","VCT","Children with fever receiving antimalarial drugs (% of children under age 5 with fever)","SH.MLR.TRET.ZS","","","","","","","","","","","","","","","","","","","","","","","","","","","","","","","","","","","","","","","","","","","","","","","","","","","","","","","","","","","","","","","","",
"Venezuela, RB","VEN","Children with fever receiving antimalarial drugs (% of children under age 5 with fever)","SH.MLR.TRET.ZS","","","","","","","","","","","","","","","","","","","","","","","","","","","","","","","","","","","","","","","","","","","","","","","","","","","","","","","","","","","","","","","","",
"British Virgin Islands","VGB","Children with fever receiving antimalarial drugs (% of children under age 5 with fever)","SH.MLR.TRET.ZS","","","","","","","","","","","","","","","","","","","","","","","","","","","","","","","","","","","","","","","","","","","","","","","","","","","","","","","","","","","","","","","","",
"Virgin Islands (U.S.)","VIR","Children with fever receiving antimalarial drugs (% of children under age 5 with fever)","SH.MLR.TRET.ZS","","","","","","","","","","","","","","","","","","","","","","","","","","","","","","","","","","","","","","","","","","","","","","","","","","","","","","","","","","","","","","","","",
"Viet Nam","VNM","Children with fever receiving antimalarial drugs (% of children under age 5 with fever)","SH.MLR.TRET.ZS","","","","","","","","","","","","","","","","","","","","","","","","","","","","","","","","","","","","","","","","","7","","","","","","3","","","","","1.2","","","","","","","","","","","","",
"Vanuatu","VUT","Children with fever receiving antimalarial drugs (% of children under age 5 with fever)","SH.MLR.TRET.ZS","","","","","","","","","","","","","","","","","","","","","","","","","","","","","","","","","","","","","","","","","","","","","","","","53.1","","","","","","5.1","","","","","","","","","","",
"World","WLD","Children with fever receiving antimalarial drugs (% of children under age 5 with fever)","SH.MLR.TRET.ZS","","","","","","","","","","","","","","","","","","","","","","","","","","","","","","","","","","","","","","","","","","","","","","","","","","","","","","","","","","","","","","","","",
"Samoa","WSM","Children with fever receiving antimalarial drugs (% of children under age 5 with fever)","SH.MLR.TRET.ZS","","","","","","","","","","","","","","","","","","","","","","","","","","","","","","","","","","","","","","","","","","","","","","","","","","","","","","","","","","","","","","","","",
"Kosovo","XKX","Children with fever receiving antimalarial drugs (% of children under age 5 with fever)","SH.MLR.TRET.ZS","","","","","","","","","","","","","","","","","","","","","","","","","","","","","","","","","","","","","","","","","","","","","","","","","","","","","","","","","","","","","","","","",
"Yemen, Rep.","YEM","Children with fever receiving antimalarial drugs (% of children under age 5 with fever)","SH.MLR.TRET.ZS","","","","","","","","","","","","","","","","","","","","","","","","","","","","","","","","","","","","","","","","","","","","","","","","","","","","","","1.2","","","","","","","","","","",
"South Africa","ZAF","Children with fever receiving antimalarial drugs (% of children under age 5 with fever)","SH.MLR.TRET.ZS","","","","","","","","","","","","","","","","","","","","","","","","","","","","","","","","","","","","","","","","","","","","","","","","","","","","","","","","","0.5","","","","","","","",
"Zambia","ZMB","Children with fever receiving antimalarial drugs (% of children under age 5 with fever)","SH.MLR.TRET.ZS","","","","","","","","","","","","","","","","","","","","","","","","","","","","","","","","","","","","","","","","58","","","52","","","","58","38.4","43","","34","","36.9","","39.8","","","","34.9","","","","","",
"Zimbabwe","ZWE","Children with fever receiving antimalarial drugs (% of children under age 5 with fever)","SH.MLR.TRET.ZS","","","","","","","","","","","","","","","","","","","","","","","","","","","","","","","","","","","","","","","","6.1","","","","","","","4.7","","","23.6","","2.3","","","3","1","","","","","","","","",
